INSERT INTO COLLABORATOR (id, email, creation_date) VALUES (1, 'test@wisemapping.org', CURDATE());
INSERT INTO USER (colaborator_id, firstname, lastname, password, activation_code, activation_date, allow_send_email,authentication_type)
  VALUES (1, 'Test', 'User', 'ENC:a94a8fe5ccb19ba61c4c0873d391e987982fbbd3', 1237, CURDATE(), 1,'D');

INSERT INTO COLLABORATOR (id, email, creation_date) VALUES (2, 'admin@wisemapping.org', CURDATE());
INSERT INTO USER (colaborator_id, firstname, lastname, password, activation_code, activation_date, allow_send_email,authentication_type)
  VALUES (2, 'Admin', 'User', 'admin', 1237, CURDATE(), 1,'D');

INSERT INTO COLLABORATOR (id, email, creation_date) VALUES (3, 'homer@wisemapping.org', CURDATE());
INSERT INTO USER (colaborator_id, firstname, lastname, password, activation_code, activation_date, allow_send_email,authentication_type)
  VALUES (3, 'Homer', 'Simpson', 'homer', 1237, CURDATE(), 1, 'D');

INSERT INTO COLLABORATOR (id, email, creation_date) VALUES (4, 'marge@wisemapping.org', CURDATE());
INSERT INTO USER (colaborator_id, firstname, lastname, password, activation_code, activation_date, allow_send_email,authentication_type)
  VALUES (4, 'Marge', 'Bouvier', 'marge', 1237, CURDATE(), 1, 'D');

INSERT INTO COLLABORATOR (id, email, creation_date) VALUES (5, 'bart@wisemapping.org', CURDATE());
INSERT INTO USER (colaborator_id, firstname, lastname, password, activation_code, activation_date, allow_send_email,authentication_type)
  VALUES (5, 'Bart', 'Simpson', 'bart', 1237, CURDATE(), 1, 'D');

INSERT INTO COLLABORATOR (id, email, creation_date) VALUES (6, 'lisa@wisemapping.org', CURDATE());
INSERT INTO USER (colaborator_id, firstname, lastname, password, activation_code, activation_date, allow_send_email,authentication_type)
  VALUES (6, 'Lisa', 'Simpson', 'lisa', 1237, CURDATE(), 1, 'D');

INSERT INTO MINDMAP (id, title, xml, description, public, creation_date, edition_date, creator_id, tags, last_editor_id) 
	VALUES (1, 'Welcome Test', x'504B0304140008080800ED036F4400000000000000000000000007000000636F6E74656E74AD57DD8EDA3814BEEF53B8E9452F360CF985B0C0542C43D5B960355259ED45558D9CC464AC3176E43843A76FB3CFD0479817DB1393F0938442871A09417EFC7DE7F83BDFB1472B9C228E57646CE4194E88819E88CCA8E06343619E08E3FA0D82315222A5118A08571233B827737854916F6A6C4CC54A20F822FC3B96E88381683C366C032D05579FD53383A987C377448FE17068A030990A26E4D8786761F8042586C6A191E07A828C26FCFE81B0D4E8EEDDDED048454695E668F76DB3E3590612322630A35591BA93F02489714C321413B478F9012F8AAC24D760E7E95163E7F856485C638B5E8E506EE90796EF0FF6E8B78410611E11B61F446B20CEC0373B03671B885D053249244920AF7F0B854BFAAE5D83D43372A1C8F5E8ED97E9CD6431F932CB9440107BCEB17E15BDFDFAF57AD4D50F1D32E96A2A27E8B90EE4D9B68366A22B7E33CE70048018DDE184729CA17F49B8E1DB3F9EED963818E58F289720B207A5D23FBBDDF57A7D9508913072158915E03EA7855A6533A9E785625B108AB78DC4AD2299E74CD194410C903CCA8416CEC71C244F1A1A28865E0AA72D843AA46739ED2AD5422A17D5AD6769B9B4601459EA9E8B61BB4D0195C194287E0D65180A160FA9C28C46E70259A6BD13AA53E12C687A90B20D5EEF006F4157241BF6862D419DB97810A5BB53A157817F14720592BBA14B220B7408377BC0854E24891406ED6CF804AD2B794C9DA78B36303BBD5E3317B7600155CA3DB74D225B935842D5DCAF41F32713D2BC50E7D3B18343423B11C434A22F3F38FA27C33C0667606841228663B121E938C76BB4E17F5B83C4716C2FFB47FDEF01CBF8FE913C87027E9C4C66C7F582C26306FB65A2B9F57EC93F8A80773E38174F4411702725775D00BA15473386A6B9CC84D4C6A8DF7A85203BAE0FCE18047B296F53D8B653D2A24B8249CEB248D2904A704B09FF62A84009660DABF24D556BE2FD56B102D3BED9290CA06E7C7792141DBF303E281D89D28252E5EB05A74DDAD0270245C6C5513374EAE6F24BECFA60CBBD165F29D96134559275E744E13FDA697ECEC38AEA718ACD767E614EA16DB7F8D1FCE5BF0C7DB8429FA0BA5104DEFA882847EF2711B4C8C22569614B227B8FB00419E0CD82FBD6C15EE764B9DBAE670E5A32063283DC285A76969F94CF5E2DC35E295C2EEBB5DC703CDF357B7EB391DDF22750309AAC68228A3D00CC8A4321714961F07A61384ECF6CDB17CD562109410584A3BF9848AA9D9D750112D4C7BEFDEC149887B08218A91CCD715AEDC2ECF3D47E8E6BF703B36F37EB529BB6D87AF65CE459D9C65EE5D6F120F4EDE0E76EBDD218A765EFF44DC7A91BB577814FDF88901134D595024BBAE73AE99E416A77BCD0AF3DDBF4FBFB7AD2FB94DF475DF39D4A52D02DFBCD858C21D98765AECDE202C61329710607B95D43D4A4EF00B3101CBEB425BA3DD821BA4D418390F5CE43081656D6E0F48F56CBE11F49182E00B2079AA24C468BE2DE6DB97781639EDA5D30101C22C8429F13009CF0182216EBEAD89A819454796589D946F0A32E9C84AFDFFC0F504B070890C15C185C040000100F0000504B01021400140008080800ED036F4490C15C185C040000100F0000070000000000000000000000000000000000636F6E74656E74504B0506000000000100010035000000910400000000', '', 0, now(), now(), 1, NULL, 1);
INSERT INTO COLLABORATION_PROPERTIES (id, starred, mindmap_properties) VALUES (1, 0, '{zoom:0.8}');
INSERT INTO COLLABORATION (id, colaborator_id, properties_id, mindmap_id, role_id) VALUES (1, 1, 1, 1, 0);

INSERT INTO COLLABORATION_PROPERTIES (id, starred, mindmap_properties) VALUES (2, 1, '{zoom:0.8}');
INSERT INTO COLLABORATION (id, colaborator_id, properties_id, mindmap_id, role_id) VALUES (2, 2, 2, 1, 1);

INSERT INTO LABEL (id, title, creator_id, parent_label_id, color) VALUES (1, 'test label', 1, NULL, '#ff0000');
INSERT INTO R_LABEL_MINDMAP (label_id, mindmap_id) VALUES (1,1);

INSERT INTO MINDMAP (id, title, xml, description, public, creation_date, edition_date, creator_id, tags, last_editor_id) 
	VALUES (2, 'Welcome Admin', x'504B0304140008080800ED036F4400000000000000000000000007000000636F6E74656E74AD57DD8EDA3814BEEF53B8E9452F360CF985B0C0542C43D5B960355259ED45558D9CC464AC3176E43843A76FB3CFD0479817DB1393F0938442871A09417EFC7DE7F83BDFB1472B9C228E57646CE4194E88819E88CCA8E06343619E08E3FA0D82315222A5118A08571233B827737854916F6A6C4CC54A20F822FC3B96E88381683C366C032D05579FD53383A987C377448FE17068A030990A26E4D8786761F8042586C6A191E07A828C26FCFE81B0D4E8EEDDDED048454695E668F76DB3E3590612322630A35591BA93F02489714C321413B478F9012F8AAC24D760E7E95163E7F856485C638B5E8E506EE90796EF0FF6E8B78410611E11B61F446B20CEC0373B03671B885D053249244920AF7F0B854BFAAE5D83D43372A1C8F5E8ED97E9CD6431F932CB9440107BCEB17E15BDFDFAF57AD4D50F1D32E96A2A27E8B90EE4D9B68366A22B7E33CE70048018DDE184729CA17F49B8E1DB3F9EED963818E58F289720B207A5D23FBBDDF57A7D9508913072158915E03EA7855A6533A9E785625B108AB78DC4AD2299E74CD194410C903CCA8416CEC71C244F1A1A28865E0AA72D843AA46739ED2AD5422A17D5AD6769B9B4601459EA9E8B61BB4D0195C194287E0D65180A160FA9C28C46E70259A6BD13AA53E12C687A90B20D5EEF006F4157241BF6862D419DB97810A5BB53A157817F14720592BBA14B220B7408377BC0854E24891406ED6CF804AD2B794C9DA78B36303BBD5E3317B7600155CA3DB74D225B935842D5DCAF41F32713D2BC50E7D3B18343423B11C434A22F3F38FA27C33C0667606841228663B121E938C76BB4E17F5B83C4716C2FFB47FDEF01CBF8FE913C87027E9C4C66C7F582C26306FB65A2B9F57EC93F8A80773E38174F4411702725775D00BA15473386A6B9CC84D4C6A8DF7A85203BAE0FCE18047B296F53D8B653D2A24B8249CEB248D2904A704B09FF62A84009660DABF24D556BE2FD56B102D3BED9290CA06E7C7792141DBF303E281D89D28252E5EB05A74DDAD0270245C6C5513374EAE6F24BECFA60CBBD165F29D96134559275E744E13FDA697ECEC38AEA718ACD767E614EA16DB7F8D1FCE5BF0C7DB8429FA0BA5104DEFA882847EF2711B4C8C22569614B227B8FB00419E0CD82FBD6C15EE764B9DBAE670E5A32063283DC285A76969F94CF5E2DC35E295C2EEBB5DC703CDF357B7EB391DDF22750309AAC68228A3D00CC8A4321714961F07A61384ECF6CDB17CD562109410584A3BF9848AA9D9D750112D4C7BEFDEC149887B08218A91CCD715AEDC2ECF3D47E8E6BF703B36F37EB529BB6D87AF65CE459D9C65EE5D6F120F4EDE0E76EBDD218A765EFF44DC7A91BB577814FDF88901134D595024BBAE73AE99E416A77BCD0AF3DDBF4FBFB7AD2FB94DF475DF39D4A52D02DFBCD858C21D98765AECDE202C61329710607B95D43D4A4EF00B3101CBEB425BA3DD821BA4D418390F5CE43081656D6E0F48F56CBE11F49182E00B2079AA24C468BE2DE6DB97781639EDA5D30101C22C8429F13009CF0182216EBEAD89A819454796589D946F0A32E9C84AFDFFC0F504B070890C15C185C040000100F0000504B01021400140008080800ED036F4490C15C185C040000100F0000070000000000000000000000000000000000636F6E74656E74504B0506000000000100010035000000910400000000', 'This is a short description', 0, now(), now(), 2, NULL, 2);
INSERT INTO COLLABORATION_PROPERTIES (id, starred, mindmap_properties) VALUES (3, 1, '{zoom:0.8}');
INSERT INTO COLLABORATION (id, colaborator_id, properties_id, mindmap_id, role_id) VALUES (3, 2, 3, 2, 0);

INSERT INTO LABEL (id, title, creator_id, parent_label_id, color) VALUES (2, 'admin label', 2, NULL, '#0000ff');
INSERT INTO R_LABEL_MINDMAP (label_id, mindmap_id) VALUES (2,2);
INSERT INTO LABEL (id, title, creator_id, parent_label_id, color) VALUES (3, 'mindmap shared', 2, NULL, '#00ff00');
INSERT INTO R_LABEL_MINDMAP (label_id, mindmap_id) VALUES (3,1);

COMMIT;
SHUTDOWN;